{"cameraMode":{"drawMode":0,"name":"Shaded","section":"Shading Mode"},"sceneLighting":true,"audioPlay":false,"sceneViewState":{"m_AlwaysRefresh":false,"showFog":true,"showSkybox":true,"showFlares":true,"showImageEffects":true,"showParticleSystems":true,"showVisualEffectGraphs":true,"m_FxEnabled":true},"in2DMode":false,"pivot":{"x":7.4074907302856449,"y":6.428902626037598,"z":-6.353538513183594},"rotation":{"x":-0.2434738129377365,"y":0.04773474484682083,"z":-0.012621387839317322,"w":-0.9687013626098633},"size":12.142542839050293,"orthographic":false}