{"cameraMode":{"drawMode":0,"name":"Shaded","section":"Shading Mode"},"sceneLighting":true,"audioPlay":false,"sceneViewState":{"m_AlwaysRefresh":false,"showFog":true,"showSkybox":true,"showFlares":true,"showImageEffects":true,"showParticleSystems":true,"showVisualEffectGraphs":true,"m_FxEnabled":true},"in2DMode":false,"pivot":{"x":415.7012634277344,"y":245.95184326171876,"z":285.9154968261719},"rotation":{"x":-0.004617447964847088,"y":-0.0017916366923600436,"z":0.00010972653399221599,"w":-1.000559687614441},"size":410.1663818359375,"orthographic":false}