{"cameraMode":{"drawMode":0,"name":"Shaded","section":"Shading Mode"},"sceneLighting":true,"audioPlay":false,"sceneViewState":{"m_AlwaysRefresh":false,"showFog":true,"showSkybox":true,"showFlares":true,"showImageEffects":true,"showParticleSystems":true,"showVisualEffectGraphs":true,"m_FxEnabled":true},"in2DMode":false,"pivot":{"x":48.27403259277344,"y":20.044857025146486,"z":-35.95574951171875},"rotation":{"x":0.1630503237247467,"y":-0.45601990818977358,"z":0.09098156541585922,"w":0.8707451224327087},"size":1.4711430072784424,"orthographic":false}