{"cameraMode":{"drawMode":0,"name":"Shaded","section":"Shading Mode"},"sceneLighting":true,"audioPlay":false,"sceneViewState":{"m_AlwaysRefresh":false,"showFog":true,"showSkybox":true,"showFlares":true,"showImageEffects":true,"showParticleSystems":true,"showVisualEffectGraphs":true,"m_FxEnabled":true},"in2DMode":false,"pivot":{"x":415.7060546875,"y":273.0518493652344,"z":285.7183837890625},"rotation":{"x":0.011891662143170834,"y":-0.0017932059708982707,"z":0.00008012958278413862,"w":-1.000498652458191},"size":410.1663818359375,"orthographic":false}